{
  "$schema": "http://json-schema.org/draft-07/schema#",
  "title": "Generated schema for Root",
  "type": "object",
  "properties": {
    "claim-id": {
      "type": "string"
    },
    "patient-id": {
      "type": "string"
    },
    "patient-name": {
      "type": "string"
    },
    "date-of-birth": {
      "type": "string"
    },
    "service-date": {
      "type": "string"
    },
    "claim-amount": {
      "type": "string"
    },
    "procedure-codes": {
      "type": "string"
    },
    "dentist-name": {
      "type": "string"
    }
  },
  "required": [
    "claim-id",
    "patient-id",
    "patient-name",
    "date-of-birth",
    "service-date",
    "claim-amount",
    "procedure-codes",
    "dentist-name"
  ]
}